Cell ID,PseudoTime,Time,Experiment
E0_52,0.06516290726817042,52.0,0
E1_651,0.8157894736842105,651.0,1
E2_502,0.6290726817042607,502.0,2
E3_729,0.9135338345864662,729.0,3
E4_504,0.631578947368421,504.0,4
E5_116,0.14536340852130325,116.0,5
E6_487,0.6102756892230576,487.0,6
E7_523,0.6553884711779449,523.0,7
E8_369,0.462406015037594,369.0,8
E9_571,0.7155388471177945,571.0,9
E10_496,0.6215538847117794,496.0,10
E11_69,0.08646616541353383,69.0,11
E12_511,0.6403508771929824,511.0,12
E13_491,0.6152882205513784,491.0,13
E14_411,0.5150375939849624,411.0,14
E15_18,0.022556390977443608,18.0,15
E16_517,0.6478696741854637,517.0,16
E17_273,0.34210526315789475,273.0,17
E18_41,0.05137844611528822,41.0,18
E19_338,0.42355889724310775,338.0,19
E20_134,0.16791979949874686,134.0,20
E21_320,0.40100250626566414,320.0,21
E22_169,0.21177944862155387,169.0,22
E23_643,0.8057644110275689,643.0,23
E24_376,0.47117794486215536,376.0,24
E25_628,0.7869674185463659,628.0,25
E26_510,0.6390977443609023,510.0,26
E27_194,0.24310776942355888,194.0,27
E28_577,0.7230576441102757,577.0,28
E29_34,0.042606516290726815,34.0,29
E30_245,0.30701754385964913,245.0,30
E31_578,0.7243107769423559,578.0,31
E32_296,0.37092731829573933,296.0,32
E33_221,0.2769423558897243,221.0,33
E34_548,0.6867167919799498,548.0,34
E35_467,0.5852130325814536,467.0,35
E36_523,0.6553884711779449,523.0,36
E37_446,0.5588972431077694,446.0,37
E38_463,0.5802005012531328,463.0,38
E39_235,0.29448621553884713,235.0,39
E40_576,0.7218045112781954,576.0,40
E41_34,0.042606516290726815,34.0,41
E42_530,0.6641604010025063,530.0,42
E43_285,0.35714285714285715,285.0,43
E44_298,0.37343358395989973,298.0,44
E45_293,0.36716791979949875,293.0,45
E46_58,0.07268170426065163,58.0,46
E47_214,0.2681704260651629,214.0,47
E48_459,0.575187969924812,459.0,48
E49_319,0.39974937343358397,319.0,49
E50_587,0.7355889724310777,587.0,50
E51_693,0.868421052631579,693.0,51
E52_233,0.29197994987468673,233.0,52
E53_132,0.16541353383458646,132.0,53
E54_36,0.045112781954887216,36.0,54
E55_95,0.11904761904761904,95.0,55
E56_565,0.7080200501253133,565.0,56
E57_191,0.23934837092731828,191.0,57
E58_775,0.9711779448621554,775.0,58
E59_303,0.37969924812030076,303.0,59
E60_686,0.8596491228070176,686.0,60
E61_563,0.7055137844611529,563.0,61
E62_627,0.7857142857142857,627.0,62
E63_559,0.7005012531328321,559.0,63
E64_359,0.449874686716792,359.0,64
E65_181,0.22681704260651628,181.0,65
E66_538,0.6741854636591479,538.0,66
E67_158,0.19799498746867167,158.0,67
E68_211,0.2644110275689223,211.0,68
E69_468,0.5864661654135338,468.0,69
E70_476,0.5964912280701754,476.0,70
E71_523,0.6553884711779449,523.0,71
E72_52,0.06516290726817042,52.0,72
E73_758,0.949874686716792,758.0,73
E74_152,0.19047619047619047,152.0,74
E75_321,0.40225563909774437,321.0,75
E76_618,0.7744360902255639,618.0,76
E77_64,0.08020050125313283,64.0,77
E78_632,0.7919799498746867,632.0,78
E79_63,0.07894736842105263,63.0,79
E80_528,0.6616541353383458,528.0,80
E81_544,0.681704260651629,544.0,81
E82_405,0.5075187969924813,405.0,82
E83_660,0.8270676691729323,660.0,83
E84_138,0.17293233082706766,138.0,84
E85_566,0.7092731829573935,566.0,85
E86_260,0.3258145363408521,260.0,86
E87_564,0.706766917293233,564.0,87
E88_213,0.2669172932330827,213.0,88
E89_769,0.9636591478696742,769.0,89
E90_470,0.5889724310776943,470.0,90
E91_31,0.03884711779448621,31.0,91
E92_40,0.05012531328320802,40.0,92
E93_153,0.19172932330827067,153.0,93
E94_734,0.9197994987468672,734.0,94
E95_153,0.19172932330827067,153.0,95
E96_512,0.6416040100250626,512.0,96
E97_440,0.5513784461152882,440.0,97
E98_147,0.18421052631578946,147.0,98
E99_779,0.9761904761904762,779.0,99
E100_475,0.5952380952380952,475.0,100
E101_444,0.556390977443609,444.0,101
E102_797,0.9987468671679198,797.0,102
E103_319,0.39974937343358397,319.0,103
E104_120,0.15037593984962405,120.0,104
E105_23,0.02882205513784461,23.0,105
E106_751,0.9411027568922306,751.0,106
E107_334,0.41854636591478694,334.0,107
E108_739,0.9260651629072681,739.0,108
E109_610,0.7644110275689223,610.0,109
E110_734,0.9197994987468672,734.0,110
E111_590,0.7393483709273183,590.0,111
E112_775,0.9711779448621554,775.0,112
E113_261,0.32706766917293234,261.0,113
E114_227,0.2844611528822055,227.0,114
E115_135,0.16917293233082706,135.0,115
E116_549,0.6879699248120301,549.0,116
E117_133,0.16666666666666666,133.0,117
E118_297,0.37218045112781956,297.0,118
E119_575,0.7205513784461153,575.0,119
E120_516,0.6466165413533834,516.0,120
E121_378,0.47368421052631576,378.0,121
E122_688,0.8621553884711779,688.0,122
E123_306,0.38345864661654133,306.0,123
E124_579,0.7255639097744361,579.0,124
E125_768,0.9624060150375939,768.0,125
E126_124,0.15538847117794485,124.0,126
E127_720,0.9022556390977443,720.0,127
E128_86,0.10776942355889724,86.0,128
E129_487,0.6102756892230576,487.0,129
E130_105,0.13157894736842105,105.0,130
E131_25,0.03132832080200501,25.0,131
E132_385,0.4824561403508772,385.0,132
E133_727,0.9110275689223057,727.0,133
E134_740,0.9273182957393483,740.0,134
E135_187,0.23433583959899748,187.0,135
E136_48,0.06015037593984962,48.0,136
E137_258,0.3233082706766917,258.0,137
E138_540,0.6766917293233082,540.0,138
E139_364,0.45614035087719296,364.0,139
E140_534,0.6691729323308271,534.0,140
E141_152,0.19047619047619047,152.0,141
E142_550,0.6892230576441103,550.0,142
E143_130,0.16290726817042606,130.0,143
E144_644,0.8070175438596491,644.0,144
E145_433,0.5426065162907269,433.0,145
E146_73,0.09147869674185463,73.0,146
E147_114,0.14285714285714285,114.0,147
E148_578,0.7243107769423559,578.0,148
E149_741,0.9285714285714286,741.0,149
E150_166,0.20802005012531327,166.0,150
E151_193,0.24185463659147868,193.0,151
E152_410,0.5137844611528822,410.0,152
E153_146,0.18295739348370926,146.0,153
E154_151,0.18922305764411027,151.0,154
E155_745,0.9335839598997494,745.0,155
E156_505,0.6328320802005013,505.0,156
E157_109,0.13659147869674185,109.0,157
E158_516,0.6466165413533834,516.0,158
E159_315,0.39473684210526316,315.0,159
E160_576,0.7218045112781954,576.0,160
E161_778,0.974937343358396,778.0,161
E162_267,0.33458646616541354,267.0,162
E163_20,0.02506265664160401,20.0,163
E164_670,0.8395989974937343,670.0,164
E165_160,0.20050125313283207,160.0,165
E166_86,0.10776942355889724,86.0,166
E167_690,0.8646616541353384,690.0,167
E168_165,0.20676691729323307,165.0,168
E169_189,0.23684210526315788,189.0,169
E170_629,0.7882205513784462,629.0,170
E171_532,0.6666666666666666,532.0,171
E172_788,0.9874686716791979,788.0,172
E173_0,0.0,0.0,173
E174_171,0.21428571428571427,171.0,174
E175_436,0.5463659147869674,436.0,175
E176_290,0.3634085213032581,290.0,176
E177_766,0.9598997493734336,766.0,177
E178_597,0.7481203007518797,597.0,178
E179_709,0.8884711779448622,709.0,179
E180_425,0.5325814536340853,425.0,180
E181_2,0.002506265664160401,2.0,181
E182_165,0.20676691729323307,165.0,182
E183_189,0.23684210526315788,189.0,183
E184_110,0.13784461152882205,110.0,184
E185_685,0.8583959899749374,685.0,185
E186_321,0.40225563909774437,321.0,186
E187_742,0.9298245614035088,742.0,187
E188_57,0.07142857142857142,57.0,188
E189_201,0.2518796992481203,201.0,189
E190_703,0.8809523809523809,703.0,190
E191_21,0.02631578947368421,21.0,191
E192_266,0.3333333333333333,266.0,192
E193_344,0.43107769423558895,344.0,193
E194_335,0.4197994987468672,335.0,194
E195_29,0.03634085213032581,29.0,195
E196_89,0.11152882205513784,89.0,196
E197_695,0.8709273182957393,695.0,197
E198_52,0.06516290726817042,52.0,198
E199_727,0.9110275689223057,727.0,199
E200_111,0.13909774436090225,111.0,200
E201_432,0.5413533834586466,432.0,201
E202_725,0.9085213032581454,725.0,202
E203_85,0.10651629072681704,85.0,203
E204_427,0.5350877192982456,427.0,204
E205_60,0.07518796992481203,60.0,205
E206_174,0.21804511278195488,174.0,206
E207_556,0.6967418546365914,556.0,207
E208_67,0.08395989974937343,67.0,208
E209_186,0.23308270676691728,186.0,209
E210_256,0.3208020050125313,256.0,210
E211_723,0.9060150375939849,723.0,211
E212_320,0.40100250626566414,320.0,212
E213_295,0.36967418546365916,295.0,213
E214_213,0.2669172932330827,213.0,214
E215_558,0.6992481203007519,558.0,215
E216_208,0.2606516290726817,208.0,216
E217_5,0.006265664160401002,5.0,217
E218_579,0.7255639097744361,579.0,218
E219_81,0.10150375939849623,81.0,219
E220_511,0.6403508771929824,511.0,220
E221_46,0.05764411027568922,46.0,221
E222_85,0.10651629072681704,85.0,222
E223_568,0.7117794486215538,568.0,223
E224_183,0.22932330827067668,183.0,224
E225_512,0.6416040100250626,512.0,225
E226_624,0.7819548872180451,624.0,226
E227_544,0.681704260651629,544.0,227
E228_67,0.08395989974937343,67.0,228
E229_733,0.918546365914787,733.0,229
E230_771,0.9661654135338346,771.0,230
E231_135,0.16917293233082706,135.0,231
E232_490,0.6140350877192983,490.0,232
E233_241,0.30200501253132833,241.0,233
E234_17,0.021303258145363407,17.0,234
E235_736,0.9223057644110275,736.0,235
E236_744,0.9323308270676691,744.0,236
E237_392,0.49122807017543857,392.0,237
E238_85,0.10651629072681704,85.0,238
E239_402,0.5037593984962406,402.0,239
E240_646,0.8095238095238095,646.0,240
E241_540,0.6766917293233082,540.0,241
E242_152,0.19047619047619047,152.0,242
E243_42,0.05263157894736842,42.0,243
E244_794,0.9949874686716792,794.0,244
E245_199,0.24937343358395989,199.0,245
E246_714,0.8947368421052632,714.0,246
E247_567,0.7105263157894737,567.0,247
E248_610,0.7644110275689223,610.0,248
E249_419,0.525062656641604,419.0,249
E250_703,0.8809523809523809,703.0,250
E251_435,0.5451127819548872,435.0,251
E252_636,0.7969924812030075,636.0,252
E253_260,0.3258145363408521,260.0,253
E254_372,0.46616541353383456,372.0,254
E255_481,0.6027568922305765,481.0,255
E256_682,0.8546365914786967,682.0,256
E257_614,0.7694235588972431,614.0,257
E258_168,0.21052631578947367,168.0,258
E259_640,0.8020050125313283,640.0,259
E260_68,0.08521303258145363,68.0,260
E261_418,0.5238095238095238,418.0,261
E262_591,0.7406015037593985,591.0,262
E263_360,0.45112781954887216,360.0,263
E264_98,0.12280701754385964,98.0,264
E265_327,0.40977443609022557,327.0,265
E266_685,0.8583959899749374,685.0,266
E267_182,0.22807017543859648,182.0,267
E268_113,0.14160401002506265,113.0,268
E269_233,0.29197994987468673,233.0,269
E270_360,0.45112781954887216,360.0,270
E271_71,0.08897243107769423,71.0,271
E272_653,0.818295739348371,653.0,272
E273_412,0.5162907268170426,412.0,273
E274_592,0.7418546365914787,592.0,274
E275_133,0.16666666666666666,133.0,275
E276_142,0.17794486215538846,142.0,276
E277_115,0.14411027568922305,115.0,277
E278_715,0.8959899749373433,715.0,278
E279_0,0.0,0.0,279
E280_795,0.9962406015037594,795.0,280
E281_500,0.6265664160401002,500.0,281
E282_2,0.002506265664160401,2.0,282
E283_624,0.7819548872180451,624.0,283
E284_183,0.22932330827067668,183.0,284
E285_221,0.2769423558897243,221.0,285
E286_321,0.40225563909774437,321.0,286
E287_216,0.2706766917293233,216.0,287
E288_429,0.5375939849624061,429.0,288
E289_367,0.4598997493734336,367.0,289
E290_143,0.17919799498746866,143.0,290
E291_122,0.15288220551378445,122.0,291
E292_696,0.8721804511278195,696.0,292
E293_338,0.42355889724310775,338.0,293
E294_237,0.29699248120300753,237.0,294
E295_644,0.8070175438596491,644.0,295
E296_172,0.21553884711779447,172.0,296
E297_0,0.0,0.0,297
E298_1,0.0012531328320802004,1.0,298
E299_344,0.43107769423558895,344.0,299
E300_376,0.47117794486215536,376.0,300
E301_81,0.10150375939849623,81.0,301
E302_165,0.20676691729323307,165.0,302
E303_249,0.31203007518796994,249.0,303
E304_394,0.49373433583959897,394.0,304
E305_581,0.7280701754385965,581.0,305
E306_155,0.19423558897243107,155.0,306
E307_160,0.20050125313283207,160.0,307
E308_305,0.38220551378446116,305.0,308
E309_757,0.9486215538847118,757.0,309
E310_239,0.29949874686716793,239.0,310
E311_112,0.14035087719298245,112.0,311
E312_319,0.39974937343358397,319.0,312
E313_6,0.007518796992481203,6.0,313
E314_186,0.23308270676691728,186.0,314
E315_94,0.11779448621553884,94.0,315
E316_753,0.943609022556391,753.0,316
E317_728,0.9122807017543859,728.0,317
E318_783,0.981203007518797,783.0,318
E319_282,0.3533834586466165,282.0,319
E320_71,0.08897243107769423,71.0,320
E321_273,0.34210526315789475,273.0,321
E322_310,0.38847117794486213,310.0,322
E323_509,0.6378446115288221,509.0,323
E324_424,0.531328320802005,424.0,324
E325_700,0.8771929824561403,700.0,325
E326_681,0.8533834586466166,681.0,326
E327_410,0.5137844611528822,410.0,327
E328_347,0.4348370927318296,347.0,328
E329_668,0.8370927318295739,668.0,329
E330_115,0.14411027568922305,115.0,330
E331_258,0.3233082706766917,258.0,331
E332_407,0.5100250626566416,407.0,332
E333_123,0.15413533834586465,123.0,333
E334_701,0.8784461152882206,701.0,334
E335_356,0.44611528822055135,356.0,335
E336_109,0.13659147869674185,109.0,336
E337_17,0.021303258145363407,17.0,337
E338_349,0.43734335839599,349.0,338
E339_784,0.9824561403508771,784.0,339
E340_410,0.5137844611528822,410.0,340
E341_108,0.13533834586466165,108.0,341
E342_556,0.6967418546365914,556.0,342
E343_457,0.5726817042606517,457.0,343
E344_343,0.4298245614035088,343.0,344
E345_450,0.5639097744360902,450.0,345
E346_699,0.8759398496240601,699.0,346
E347_67,0.08395989974937343,67.0,347
E348_325,0.40726817042606517,325.0,348
E349_309,0.38721804511278196,309.0,349
E350_387,0.4849624060150376,387.0,350
E351_206,0.2581453634085213,206.0,351
E352_545,0.6829573934837093,545.0,352
E353_713,0.893483709273183,713.0,353
E354_649,0.8132832080200502,649.0,354
E355_122,0.15288220551378445,122.0,355
E356_194,0.24310776942355888,194.0,356
E357_761,0.9536340852130326,761.0,357
E358_325,0.40726817042606517,325.0,358
E359_775,0.9711779448621554,775.0,359
E360_713,0.893483709273183,713.0,360
E361_687,0.8609022556390977,687.0,361
E362_759,0.9511278195488722,759.0,362
E363_247,0.30952380952380953,247.0,363
E364_590,0.7393483709273183,590.0,364
E365_447,0.5601503759398496,447.0,365
E366_615,0.7706766917293233,615.0,366
E367_132,0.16541353383458646,132.0,367
E368_76,0.09523809523809523,76.0,368
E369_225,0.2819548872180451,225.0,369
E370_121,0.15162907268170425,121.0,370
E371_133,0.16666666666666666,133.0,371
E372_353,0.4423558897243108,353.0,372
E373_611,0.7656641604010025,611.0,373
E374_584,0.731829573934837,584.0,374
E375_329,0.41228070175438597,329.0,375
E376_141,0.17669172932330826,141.0,376
E377_287,0.35964912280701755,287.0,377
E378_593,0.7431077694235589,593.0,378
E379_524,0.656641604010025,524.0,379
E380_680,0.8521303258145363,680.0,380
E381_397,0.4974937343358396,397.0,381
E382_473,0.5927318295739349,473.0,382
E383_687,0.8609022556390977,687.0,383
E384_779,0.9761904761904762,779.0,384
E385_419,0.525062656641604,419.0,385
E386_68,0.08521303258145363,68.0,386
E387_358,0.44862155388471175,358.0,387
E388_568,0.7117794486215538,568.0,388
E389_459,0.575187969924812,459.0,389
E390_245,0.30701754385964913,245.0,390
E391_798,1.0,798.0,391
E392_50,0.06265664160401002,50.0,392
E393_88,0.11027568922305764,88.0,393
E394_163,0.20426065162907267,163.0,394
E395_522,0.6541353383458647,522.0,395
E396_454,0.568922305764411,454.0,396
E397_676,0.8471177944862155,676.0,397
E398_615,0.7706766917293233,615.0,398
E399_85,0.10651629072681704,85.0,399
E400_785,0.9837092731829574,785.0,400
E401_629,0.7882205513784462,629.0,401
E402_223,0.2794486215538847,223.0,402
E403_296,0.37092731829573933,296.0,403
E404_127,0.15914786967418545,127.0,404
E405_617,0.7731829573934837,617.0,405
E406_265,0.33208020050125314,265.0,406
E407_170,0.21303258145363407,170.0,407
E408_497,0.6228070175438597,497.0,408
E409_721,0.9035087719298246,721.0,409
E410_706,0.8847117794486216,706.0,410
E411_459,0.575187969924812,459.0,411
E412_664,0.8320802005012531,664.0,412
E413_173,0.21679197994987467,173.0,413
E414_586,0.7343358395989975,586.0,414
E415_346,0.43358395989974935,346.0,415
E416_414,0.518796992481203,414.0,416
E417_288,0.3609022556390977,288.0,417
E418_512,0.6416040100250626,512.0,418
E419_360,0.45112781954887216,360.0,419
E420_405,0.5075187969924813,405.0,420
E421_141,0.17669172932330826,141.0,421
E422_358,0.44862155388471175,358.0,422
E423_341,0.4273182957393484,341.0,423
E424_355,0.4448621553884712,355.0,424
E425_652,0.8170426065162907,652.0,425
E426_681,0.8533834586466166,681.0,426
E427_172,0.21553884711779447,172.0,427
E428_468,0.5864661654135338,468.0,428
E429_469,0.5877192982456141,469.0,429
E430_246,0.3082706766917293,246.0,430
E431_22,0.02756892230576441,22.0,431
E432_30,0.03759398496240601,30.0,432
E433_380,0.47619047619047616,380.0,433
E434_73,0.09147869674185463,73.0,434
E435_698,0.87468671679198,698.0,435
E436_3,0.0037593984962406013,3.0,436
E437_788,0.9874686716791979,788.0,437
E438_605,0.7581453634085213,605.0,438
E439_507,0.6353383458646616,507.0,439
E440_450,0.5639097744360902,450.0,440
E441_681,0.8533834586466166,681.0,441
E442_384,0.48120300751879697,384.0,442
E443_21,0.02631578947368421,21.0,443
E444_494,0.6190476190476191,494.0,444
E445_313,0.39223057644110276,313.0,445
E446_693,0.868421052631579,693.0,446
E447_441,0.5526315789473685,441.0,447
E448_2,0.002506265664160401,2.0,448
E449_444,0.556390977443609,444.0,449
E450_667,0.8358395989974937,667.0,450
E451_382,0.47869674185463656,382.0,451
E452_51,0.06390977443609022,51.0,452
E453_332,0.41604010025062654,332.0,453
E454_94,0.11779448621553884,94.0,454
E455_679,0.8508771929824561,679.0,455
E456_355,0.4448621553884712,355.0,456
E457_705,0.8834586466165414,705.0,457
E458_396,0.49624060150375937,396.0,458
E459_347,0.4348370927318296,347.0,459
E460_268,0.3358395989974937,268.0,460
E461_174,0.21804511278195488,174.0,461
E462_316,0.39598997493734334,316.0,462
E463_699,0.8759398496240601,699.0,463
E464_729,0.9135338345864662,729.0,464
E465_338,0.42355889724310775,338.0,465
E466_364,0.45614035087719296,364.0,466
E467_268,0.3358395989974937,268.0,467
E468_202,0.2531328320802005,202.0,468
E469_532,0.6666666666666666,532.0,469
E470_380,0.47619047619047616,380.0,470
E471_752,0.9423558897243107,752.0,471
E472_769,0.9636591478696742,769.0,472
E473_612,0.7669172932330827,612.0,473
E474_733,0.918546365914787,733.0,474
E475_475,0.5952380952380952,475.0,475
E476_145,0.18170426065162906,145.0,476
E477_275,0.34461152882205515,275.0,477
E478_231,0.2894736842105263,231.0,478
E479_48,0.06015037593984962,48.0,479
E480_39,0.04887218045112782,39.0,480
E481_30,0.03759398496240601,30.0,481
E482_714,0.8947368421052632,714.0,482
E483_164,0.20551378446115287,164.0,483
E484_265,0.33208020050125314,265.0,484
E485_168,0.21052631578947367,168.0,485
E486_517,0.6478696741854637,517.0,486
E487_251,0.31453634085213034,251.0,487
E488_190,0.23809523809523808,190.0,488
E489_506,0.6340852130325815,506.0,489
E490_751,0.9411027568922306,751.0,490
E491_341,0.4273182957393484,341.0,491
E492_287,0.35964912280701755,287.0,492
E493_702,0.8796992481203008,702.0,493
E494_326,0.40852130325814534,326.0,494
E495_569,0.7130325814536341,569.0,495
E496_271,0.33959899749373434,271.0,496
E497_691,0.8659147869674185,691.0,497
E498_730,0.9147869674185464,730.0,498
E499_378,0.47368421052631576,378.0,499
E500_736,0.9223057644110275,736.0,500
E501_560,0.7017543859649122,560.0,501
E502_141,0.17669172932330826,141.0,502
E503_62,0.07769423558897243,62.0,503
E504_535,0.6704260651629073,535.0,504
E505_193,0.24185463659147868,193.0,505
E506_271,0.33959899749373434,271.0,506
E507_164,0.20551378446115287,164.0,507
E508_776,0.9724310776942355,776.0,508
E509_36,0.045112781954887216,36.0,509
E510_606,0.7593984962406015,606.0,510
E511_81,0.10150375939849623,81.0,511
E512_136,0.17042606516290726,136.0,512
E513_527,0.6604010025062657,527.0,513
E514_775,0.9711779448621554,775.0,514
E515_654,0.8195488721804511,654.0,515
E516_734,0.9197994987468672,734.0,516
E517_171,0.21428571428571427,171.0,517
E518_785,0.9837092731829574,785.0,518
E519_432,0.5413533834586466,432.0,519
E520_420,0.5263157894736842,420.0,520
E521_472,0.5914786967418546,472.0,521
E522_486,0.6090225563909775,486.0,522
E523_604,0.7568922305764411,604.0,523
E524_325,0.40726817042606517,325.0,524
E525_662,0.8295739348370927,662.0,525
E526_539,0.6754385964912281,539.0,526
E527_69,0.08646616541353383,69.0,527
E528_645,0.8082706766917294,645.0,528
E529_650,0.8145363408521303,650.0,529
E530_462,0.5789473684210527,462.0,530
E531_89,0.11152882205513784,89.0,531
E532_697,0.8734335839598998,697.0,532
E533_51,0.06390977443609022,51.0,533
E534_149,0.18671679197994986,149.0,534
E535_785,0.9837092731829574,785.0,535
E536_3,0.0037593984962406013,3.0,536
E537_74,0.09273182957393483,74.0,537
E538_123,0.15413533834586465,123.0,538
E539_543,0.6804511278195489,543.0,539
E540_339,0.424812030075188,339.0,540
E541_18,0.022556390977443608,18.0,541
E542_789,0.9887218045112782,789.0,542
E543_263,0.32957393483709274,263.0,543
E544_480,0.6015037593984962,480.0,544
E545_529,0.6629072681704261,529.0,545
E546_436,0.5463659147869674,436.0,546
E547_432,0.5413533834586466,432.0,547
E548_174,0.21804511278195488,174.0,548
E549_572,0.7167919799498746,572.0,549
E550_795,0.9962406015037594,795.0,550
E551_481,0.6027568922305765,481.0,551
E552_89,0.11152882205513784,89.0,552
E553_298,0.37343358395989973,298.0,553
E554_647,0.8107769423558897,647.0,554
E555_14,0.017543859649122806,14.0,555
E556_658,0.8245614035087719,658.0,556
E557_345,0.4323308270676692,345.0,557
E558_622,0.7794486215538847,622.0,558
E559_511,0.6403508771929824,511.0,559
E560_222,0.2781954887218045,222.0,560
E561_326,0.40852130325814534,326.0,561
E562_702,0.8796992481203008,702.0,562
E563_164,0.20551378446115287,164.0,563
E564_71,0.08897243107769423,71.0,564
E565_207,0.2593984962406015,207.0,565
E566_120,0.15037593984962405,120.0,566
E567_170,0.21303258145363407,170.0,567
E568_307,0.38471177944862156,307.0,568
E569_140,0.17543859649122806,140.0,569
E570_67,0.08395989974937343,67.0,570
E571_107,0.13408521303258145,107.0,571
E572_8,0.010025062656641603,8.0,572
E573_297,0.37218045112781956,297.0,573
E574_566,0.7092731829573935,566.0,574
E575_185,0.23182957393483708,185.0,575
E576_10,0.012531328320802004,10.0,576
E577_534,0.6691729323308271,534.0,577
E578_179,0.22431077694235588,179.0,578
E579_15,0.018796992481203006,15.0,579
E580_534,0.6691729323308271,534.0,580
E581_682,0.8546365914786967,682.0,581
E582_272,0.3408521303258145,272.0,582
E583_793,0.993734335839599,793.0,583
E584_692,0.8671679197994987,692.0,584
E585_493,0.6177944862155389,493.0,585
E586_664,0.8320802005012531,664.0,586
E587_574,0.7192982456140351,574.0,587
E588_429,0.5375939849624061,429.0,588
E589_489,0.6127819548872181,489.0,589
E590_782,0.9799498746867168,782.0,590
E591_301,0.37719298245614036,301.0,591
E592_659,0.8258145363408521,659.0,592
E593_714,0.8947368421052632,714.0,593
E594_170,0.21303258145363407,170.0,594
E595_428,0.5363408521303258,428.0,595
E596_230,0.2882205513784461,230.0,596
E597_656,0.8220551378446115,656.0,597
E598_767,0.9611528822055138,767.0,598
E599_26,0.03258145363408521,26.0,599
E600_589,0.7380952380952381,589.0,600
E601_367,0.4598997493734336,367.0,601
E602_670,0.8395989974937343,670.0,602
E603_572,0.7167919799498746,572.0,603
E604_362,0.45363408521303256,362.0,604
E605_472,0.5914786967418546,472.0,605
E606_179,0.22431077694235588,179.0,606
E607_594,0.7443609022556391,594.0,607
E608_218,0.2731829573934837,218.0,608
E609_19,0.023809523809523808,19.0,609
E610_725,0.9085213032581454,725.0,610
E611_48,0.06015037593984962,48.0,611
E612_559,0.7005012531328321,559.0,612
E613_557,0.6979949874686717,557.0,613
E614_313,0.39223057644110276,313.0,614
E615_125,0.15664160401002505,125.0,615
E616_483,0.6052631578947368,483.0,616
E617_454,0.568922305764411,454.0,617
E618_774,0.9699248120300752,774.0,618
E619_378,0.47368421052631576,378.0,619
E620_768,0.9624060150375939,768.0,620
E621_763,0.956140350877193,763.0,621
E622_501,0.6278195488721805,501.0,622
E623_143,0.17919799498746866,143.0,623
E624_321,0.40225563909774437,321.0,624
E625_231,0.2894736842105263,231.0,625
E626_177,0.22180451127819548,177.0,626
E627_137,0.17167919799498746,137.0,627
E628_516,0.6466165413533834,516.0,628
E629_36,0.045112781954887216,36.0,629
E630_193,0.24185463659147868,193.0,630
E631_608,0.7619047619047619,608.0,631
E632_208,0.2606516290726817,208.0,632
E633_677,0.8483709273182958,677.0,633
E634_612,0.7669172932330827,612.0,634
E635_241,0.30200501253132833,241.0,635
E636_322,0.40350877192982454,322.0,636
E637_477,0.5977443609022557,477.0,637
E638_505,0.6328320802005013,505.0,638
E639_492,0.6165413533834586,492.0,639
E640_273,0.34210526315789475,273.0,640
E641_720,0.9022556390977443,720.0,641
E642_639,0.8007518796992481,639.0,642
E643_672,0.8421052631578947,672.0,643
E644_202,0.2531328320802005,202.0,644
E645_488,0.6115288220551378,488.0,645
E646_384,0.48120300751879697,384.0,646
E647_154,0.19298245614035087,154.0,647
E648_181,0.22681704260651628,181.0,648
E649_262,0.3283208020050125,262.0,649
E650_111,0.13909774436090225,111.0,650
E651_75,0.09398496240601503,75.0,651
E652_295,0.36967418546365916,295.0,652
E653_341,0.4273182957393484,341.0,653
E654_263,0.32957393483709274,263.0,654
E655_192,0.24060150375939848,192.0,655
E656_751,0.9411027568922306,751.0,656
E657_455,0.5701754385964912,455.0,657
E658_307,0.38471177944862156,307.0,658
E659_370,0.46365914786967416,370.0,659
E660_733,0.918546365914787,733.0,660
E661_235,0.29448621553884713,235.0,661
E662_203,0.2543859649122807,203.0,662
E663_550,0.6892230576441103,550.0,663
E664_5,0.006265664160401002,5.0,664
E665_100,0.12531328320802004,100.0,665
E666_773,0.968671679197995,773.0,666
E667_418,0.5238095238095238,418.0,667
E668_790,0.9899749373433584,790.0,668
E669_206,0.2581453634085213,206.0,669
E670_97,0.12155388471177944,97.0,670
E671_500,0.6265664160401002,500.0,671
E672_43,0.05388471177944862,43.0,672
E673_310,0.38847117794486213,310.0,673
E674_678,0.849624060150376,678.0,674
E675_426,0.5338345864661654,426.0,675
E676_663,0.8308270676691729,663.0,676
E677_430,0.5388471177944862,430.0,677
E678_386,0.48370927318295737,386.0,678
E679_294,0.3684210526315789,294.0,679
E680_714,0.8947368421052632,714.0,680
E681_65,0.08145363408521303,65.0,681
E682_194,0.24310776942355888,194.0,682
E683_37,0.046365914786967416,37.0,683
E684_519,0.650375939849624,519.0,684
E685_249,0.31203007518796994,249.0,685
E686_604,0.7568922305764411,604.0,686
E687_65,0.08145363408521303,65.0,687
E688_607,0.7606516290726817,607.0,688
E689_470,0.5889724310776943,470.0,689
E690_600,0.7518796992481203,600.0,690
E691_396,0.49624060150375937,396.0,691
E692_271,0.33959899749373434,271.0,692
E693_451,0.5651629072681704,451.0,693
E694_768,0.9624060150375939,768.0,694
E695_584,0.731829573934837,584.0,695
E696_54,0.06766917293233082,54.0,696
E697_231,0.2894736842105263,231.0,697
E698_279,0.34962406015037595,279.0,698
E699_413,0.5175438596491229,413.0,699
E700_756,0.9473684210526315,756.0,700
E701_470,0.5889724310776943,470.0,701
E702_598,0.7493734335839599,598.0,702
E703_608,0.7619047619047619,608.0,703
E704_140,0.17543859649122806,140.0,704
E705_329,0.41228070175438597,329.0,705
E706_237,0.29699248120300753,237.0,706
E707_654,0.8195488721804511,654.0,707
E708_555,0.6954887218045113,555.0,708
E709_291,0.36466165413533835,291.0,709
E710_560,0.7017543859649122,560.0,710
E711_178,0.22305764411027568,178.0,711
E712_53,0.06641604010025062,53.0,712
E713_611,0.7656641604010025,611.0,713
E714_160,0.20050125313283207,160.0,714
E715_750,0.9398496240601504,750.0,715
E716_425,0.5325814536340853,425.0,716
E717_629,0.7882205513784462,629.0,717
E718_364,0.45614035087719296,364.0,718
E719_4,0.005012531328320802,4.0,719
E720_390,0.48872180451127817,390.0,720
E721_375,0.4699248120300752,375.0,721
E722_633,0.793233082706767,633.0,722
E723_83,0.10401002506265664,83.0,723
E724_315,0.39473684210526316,315.0,724
E725_749,0.9385964912280702,749.0,725
E726_299,0.37468671679197996,299.0,726
E727_444,0.556390977443609,444.0,727
E728_174,0.21804511278195488,174.0,728
E729_590,0.7393483709273183,590.0,729
E730_390,0.48872180451127817,390.0,730
E731_435,0.5451127819548872,435.0,731
E732_225,0.2819548872180451,225.0,732
E733_484,0.606516290726817,484.0,733
E734_382,0.47869674185463656,382.0,734
E735_177,0.22180451127819548,177.0,735
E736_628,0.7869674185463659,628.0,736
E737_288,0.3609022556390977,288.0,737
E738_380,0.47619047619047616,380.0,738
E739_491,0.6152882205513784,491.0,739
E740_526,0.6591478696741855,526.0,740
E741_685,0.8583959899749374,685.0,741
E742_180,0.22556390977443608,180.0,742
E743_726,0.9097744360902256,726.0,743
E744_464,0.581453634085213,464.0,744
E745_187,0.23433583959899748,187.0,745
E746_683,0.8558897243107769,683.0,746
E747_362,0.45363408521303256,362.0,747
E748_547,0.6854636591478697,547.0,748
E749_622,0.7794486215538847,622.0,749
E750_669,0.8383458646616542,669.0,750
E751_119,0.14912280701754385,119.0,751
E752_129,0.16165413533834586,129.0,752
E753_77,0.09649122807017543,77.0,753
E754_598,0.7493734335839599,598.0,754
E755_341,0.4273182957393484,341.0,755
E756_769,0.9636591478696742,769.0,756
E757_333,0.41729323308270677,333.0,757
E758_289,0.36215538847117795,289.0,758
E759_400,0.5012531328320802,400.0,759
E760_5,0.006265664160401002,5.0,760
E761_715,0.8959899749373433,715.0,761
E762_601,0.7531328320802005,601.0,762
E763_201,0.2518796992481203,201.0,763
E764_651,0.8157894736842105,651.0,764
E765_614,0.7694235588972431,614.0,765
E766_488,0.6115288220551378,488.0,766
E767_32,0.040100250626566414,32.0,767
E768_744,0.9323308270676691,744.0,768
E769_192,0.24060150375939848,192.0,769
E770_219,0.2744360902255639,219.0,770
E771_794,0.9949874686716792,794.0,771
E772_507,0.6353383458646616,507.0,772
E773_762,0.9548872180451128,762.0,773
E774_669,0.8383458646616542,669.0,774
E775_487,0.6102756892230576,487.0,775
E776_0,0.0,0.0,776
E777_500,0.6265664160401002,500.0,777
E778_558,0.6992481203007519,558.0,778
E779_691,0.8659147869674185,691.0,779
E780_293,0.36716791979949875,293.0,780
E781_204,0.2556390977443609,204.0,781
E782_15,0.018796992481203006,15.0,782
E783_737,0.9235588972431078,737.0,783
E784_152,0.19047619047619047,152.0,784
E785_237,0.29699248120300753,237.0,785
E786_310,0.38847117794486213,310.0,786
E787_627,0.7857142857142857,627.0,787
E788_432,0.5413533834586466,432.0,788
E789_505,0.6328320802005013,505.0,789
E790_120,0.15037593984962405,120.0,790
E791_791,0.9912280701754386,791.0,791
E792_778,0.974937343358396,778.0,792
E793_498,0.6240601503759399,498.0,793
E794_428,0.5363408521303258,428.0,794
E795_629,0.7882205513784462,629.0,795
E796_763,0.956140350877193,763.0,796
E797_257,0.32205513784461154,257.0,797
E798_397,0.4974937343358396,397.0,798
E799_735,0.9210526315789473,735.0,799
E800_202,0.2531328320802005,202.0,800
E801_621,0.7781954887218046,621.0,801
E802_263,0.32957393483709274,263.0,802
E803_118,0.14786967418546365,118.0,803
E804_329,0.41228070175438597,329.0,804
E805_623,0.7807017543859649,623.0,805
E806_629,0.7882205513784462,629.0,806
E807_60,0.07518796992481203,60.0,807
E808_734,0.9197994987468672,734.0,808
E809_607,0.7606516290726817,607.0,809
E810_413,0.5175438596491229,413.0,810
E811_771,0.9661654135338346,771.0,811
E812_69,0.08646616541353383,69.0,812
E813_351,0.4398496240601504,351.0,813
E814_759,0.9511278195488722,759.0,814
E815_20,0.02506265664160401,20.0,815
E816_124,0.15538847117794485,124.0,816
E817_409,0.5125313283208021,409.0,817
E818_187,0.23433583959899748,187.0,818
E819_194,0.24310776942355888,194.0,819
E820_325,0.40726817042606517,325.0,820
E821_212,0.2656641604010025,212.0,821
E822_26,0.03258145363408521,26.0,822
E823_504,0.631578947368421,504.0,823
E824_394,0.49373433583959897,394.0,824
E825_34,0.042606516290726815,34.0,825
E826_356,0.44611528822055135,356.0,826
E827_691,0.8659147869674185,691.0,827
E828_580,0.7268170426065163,580.0,828
E829_440,0.5513784461152882,440.0,829
E830_117,0.14661654135338345,117.0,830
E831_725,0.9085213032581454,725.0,831
E832_550,0.6892230576441103,550.0,832
E833_354,0.44360902255639095,354.0,833
E834_561,0.7030075187969925,561.0,834
E835_407,0.5100250626566416,407.0,835
E836_792,0.9924812030075187,792.0,836
E837_161,0.20175438596491227,161.0,837
E838_149,0.18671679197994986,149.0,838
E839_205,0.2568922305764411,205.0,839
E840_281,0.35213032581453635,281.0,840
E841_379,0.474937343358396,379.0,841
E842_387,0.4849624060150376,387.0,842
E843_317,0.39724310776942356,317.0,843
E844_614,0.7694235588972431,614.0,844
E845_574,0.7192982456140351,574.0,845
E846_524,0.656641604010025,524.0,846
E847_330,0.41353383458646614,330.0,847
E848_763,0.956140350877193,763.0,848
E849_0,0.0,0.0,849
E850_103,0.12907268170426064,103.0,850
E851_26,0.03258145363408521,26.0,851
E852_185,0.23182957393483708,185.0,852
E853_412,0.5162907268170426,412.0,853
E854_108,0.13533834586466165,108.0,854
E855_83,0.10401002506265664,83.0,855
E856_639,0.8007518796992481,639.0,856
E857_734,0.9197994987468672,734.0,857
E858_506,0.6340852130325815,506.0,858
E859_188,0.23558897243107768,188.0,859
E860_724,0.9072681704260651,724.0,860
E861_198,0.24812030075187969,198.0,861
E862_88,0.11027568922305764,88.0,862
E863_374,0.46867167919799496,374.0,863
E864_222,0.2781954887218045,222.0,864
E865_744,0.9323308270676691,744.0,865
E866_746,0.9348370927318296,746.0,866
E867_541,0.6779448621553885,541.0,867
E868_781,0.9786967418546366,781.0,868
E869_761,0.9536340852130326,761.0,869
E870_591,0.7406015037593985,591.0,870
E871_626,0.7844611528822055,626.0,871
E872_386,0.48370927318295737,386.0,872
E873_668,0.8370927318295739,668.0,873
E874_633,0.793233082706767,633.0,874
E875_94,0.11779448621553884,94.0,875
E876_183,0.22932330827067668,183.0,876
E877_169,0.21177944862155387,169.0,877
E878_17,0.021303258145363407,17.0,878
E879_755,0.9461152882205514,755.0,879
E880_394,0.49373433583959897,394.0,880
E881_470,0.5889724310776943,470.0,881
E882_260,0.3258145363408521,260.0,882
E883_631,0.7907268170426065,631.0,883
E884_569,0.7130325814536341,569.0,884
E885_635,0.7957393483709273,635.0,885
E886_558,0.6992481203007519,558.0,886
E887_732,0.9172932330827067,732.0,887
E888_764,0.9573934837092731,764.0,888
E889_500,0.6265664160401002,500.0,889
E890_561,0.7030075187969925,561.0,890
E891_645,0.8082706766917294,645.0,891
E892_51,0.06390977443609022,51.0,892
E893_656,0.8220551378446115,656.0,893
E894_767,0.9611528822055138,767.0,894
E895_57,0.07142857142857142,57.0,895
E896_438,0.5488721804511278,438.0,896
E897_3,0.0037593984962406013,3.0,897
E898_447,0.5601503759398496,447.0,898
E899_140,0.17543859649122806,140.0,899
E900_553,0.6929824561403509,553.0,900
E901_764,0.9573934837092731,764.0,901
E902_162,0.20300751879699247,162.0,902
E903_675,0.8458646616541353,675.0,903
E904_761,0.9536340852130326,761.0,904
E905_631,0.7907268170426065,631.0,905
E906_232,0.2907268170426065,232.0,906
E907_645,0.8082706766917294,645.0,907
E908_175,0.21929824561403508,175.0,908
E909_109,0.13659147869674185,109.0,909
E910_327,0.40977443609022557,327.0,910
E911_520,0.6516290726817042,520.0,911
E912_320,0.40100250626566414,320.0,912
E913_63,0.07894736842105263,63.0,913
E914_92,0.11528822055137844,92.0,914
E915_669,0.8383458646616542,669.0,915
E916_581,0.7280701754385965,581.0,916
E917_461,0.5776942355889725,461.0,917
E918_240,0.3007518796992481,240.0,918
E919_707,0.8859649122807017,707.0,919
E920_549,0.6879699248120301,549.0,920
E921_399,0.5,399.0,921
E922_195,0.24436090225563908,195.0,922
E923_145,0.18170426065162906,145.0,923
E924_336,0.42105263157894735,336.0,924
E925_121,0.15162907268170425,121.0,925
E926_230,0.2882205513784461,230.0,926
E927_61,0.07644110275689223,61.0,927
E928_122,0.15288220551378445,122.0,928
E929_534,0.6691729323308271,534.0,929
E930_788,0.9874686716791979,788.0,930
E931_191,0.23934837092731828,191.0,931
E932_107,0.13408521303258145,107.0,932
E933_309,0.38721804511278196,309.0,933
E934_100,0.12531328320802004,100.0,934
E935_252,0.3157894736842105,252.0,935
E936_643,0.8057644110275689,643.0,936
E937_669,0.8383458646616542,669.0,937
E938_652,0.8170426065162907,652.0,938
E939_9,0.011278195488721804,9.0,939
E940_88,0.11027568922305764,88.0,940
E941_168,0.21052631578947367,168.0,941
E942_143,0.17919799498746866,143.0,942
E943_57,0.07142857142857142,57.0,943
E944_366,0.45864661654135336,366.0,944
E945_73,0.09147869674185463,73.0,945
E946_250,0.3132832080200501,250.0,946
E947_140,0.17543859649122806,140.0,947
E948_142,0.17794486215538846,142.0,948
E949_218,0.2731829573934837,218.0,949
E950_323,0.40476190476190477,323.0,950
E951_578,0.7243107769423559,578.0,951
E952_634,0.7944862155388471,634.0,952
E953_756,0.9473684210526315,756.0,953
E954_336,0.42105263157894735,336.0,954
E955_758,0.949874686716792,758.0,955
E956_520,0.6516290726817042,520.0,956
E957_560,0.7017543859649122,560.0,957
E958_278,0.3483709273182957,278.0,958
E959_148,0.18546365914786966,148.0,959
E960_65,0.08145363408521303,65.0,960
E961_232,0.2907268170426065,232.0,961
E962_425,0.5325814536340853,425.0,962
E963_646,0.8095238095238095,646.0,963
E964_42,0.05263157894736842,42.0,964
E965_318,0.39849624060150374,318.0,965
E966_698,0.87468671679198,698.0,966
E967_149,0.18671679197994986,149.0,967
E968_324,0.40601503759398494,324.0,968
E969_550,0.6892230576441103,550.0,969
E970_55,0.06892230576441102,55.0,970
E971_95,0.11904761904761904,95.0,971
E972_490,0.6140350877192983,490.0,972
E973_51,0.06390977443609022,51.0,973
E974_27,0.03383458646616541,27.0,974
E975_99,0.12406015037593984,99.0,975
E976_209,0.2619047619047619,209.0,976
E977_9,0.011278195488721804,9.0,977
E978_588,0.7368421052631579,588.0,978
E979_541,0.6779448621553885,541.0,979
E980_757,0.9486215538847118,757.0,980
E981_438,0.5488721804511278,438.0,981
E982_65,0.08145363408521303,65.0,982
E983_167,0.20927318295739347,167.0,983
E984_627,0.7857142857142857,627.0,984
E985_476,0.5964912280701754,476.0,985
E986_453,0.5676691729323309,453.0,986
E987_694,0.8696741854636592,694.0,987
E988_227,0.2844611528822055,227.0,988
E989_112,0.14035087719298245,112.0,989
E990_746,0.9348370927318296,746.0,990
E991_714,0.8947368421052632,714.0,991
E992_730,0.9147869674185464,730.0,992
E993_568,0.7117794486215538,568.0,993
E994_78,0.09774436090225563,78.0,994
E995_772,0.9674185463659147,772.0,995
E996_760,0.9523809523809523,760.0,996
E997_277,0.34711779448621555,277.0,997
E998_119,0.14912280701754385,119.0,998
E999_67,0.08395989974937343,67.0,999
E1000_232,0.2907268170426065,232.0,1000
E1001_373,0.4674185463659148,373.0,1001
E1002_780,0.9774436090225563,780.0,1002
E1003_514,0.6441102756892231,514.0,1003
E1004_611,0.7656641604010025,611.0,1004
E1005_269,0.33709273182957394,269.0,1005
E1006_484,0.606516290726817,484.0,1006
E1007_770,0.9649122807017544,770.0,1007
E1008_437,0.5476190476190477,437.0,1008
E1009_381,0.4774436090225564,381.0,1009
E1010_54,0.06766917293233082,54.0,1010
E1011_307,0.38471177944862156,307.0,1011
E1012_531,0.6654135338345865,531.0,1012
E1013_352,0.44110275689223055,352.0,1013
E1014_568,0.7117794486215538,568.0,1014
E1015_573,0.7180451127819549,573.0,1015
E1016_77,0.09649122807017543,77.0,1016
E1017_500,0.6265664160401002,500.0,1017
E1018_506,0.6340852130325815,506.0,1018
E1019_62,0.07769423558897243,62.0,1019
E1020_58,0.07268170426065163,58.0,1020
E1021_538,0.6741854636591479,538.0,1021
E1022_782,0.9799498746867168,782.0,1022
E1023_176,0.22055137844611528,176.0,1023
E1024_637,0.7982456140350878,637.0,1024
E1025_300,0.37593984962406013,300.0,1025
E1026_230,0.2882205513784461,230.0,1026
E1027_381,0.4774436090225564,381.0,1027
E1028_215,0.2694235588972431,215.0,1028
E1029_731,0.9160401002506265,731.0,1029
E1030_735,0.9210526315789473,735.0,1030
E1031_560,0.7017543859649122,560.0,1031
E1032_649,0.8132832080200502,649.0,1032
E1033_357,0.4473684210526316,357.0,1033
E1034_452,0.5664160401002506,452.0,1034
E1035_72,0.09022556390977443,72.0,1035
E1036_160,0.20050125313283207,160.0,1036
E1037_55,0.06892230576441102,55.0,1037
E1038_157,0.19674185463659147,157.0,1038
E1039_334,0.41854636591478694,334.0,1039
E1040_480,0.6015037593984962,480.0,1040
E1041_401,0.5025062656641605,401.0,1041
E1042_674,0.8446115288220551,674.0,1042
E1043_783,0.981203007518797,783.0,1043
E1044_501,0.6278195488721805,501.0,1044
E1045_291,0.36466165413533835,291.0,1045
E1046_324,0.40601503759398494,324.0,1046
E1047_398,0.49874686716791977,398.0,1047
E1048_614,0.7694235588972431,614.0,1048
E1049_707,0.8859649122807017,707.0,1049
E1050_495,0.6203007518796992,495.0,1050
E1051_532,0.6666666666666666,532.0,1051
E1052_454,0.568922305764411,454.0,1052
E1053_289,0.36215538847117795,289.0,1053
E1054_399,0.5,399.0,1054
E1055_394,0.49373433583959897,394.0,1055
E1056_285,0.35714285714285715,285.0,1056
E1057_440,0.5513784461152882,440.0,1057
E1058_102,0.12781954887218044,102.0,1058
E1059_553,0.6929824561403509,553.0,1059
E1060_680,0.8521303258145363,680.0,1060
E1061_170,0.21303258145363407,170.0,1061
E1062_534,0.6691729323308271,534.0,1062
E1063_524,0.656641604010025,524.0,1063
E1064_536,0.6716791979949874,536.0,1064
E1065_157,0.19674185463659147,157.0,1065
E1066_427,0.5350877192982456,427.0,1066
E1067_129,0.16165413533834586,129.0,1067
E1068_222,0.2781954887218045,222.0,1068
E1069_557,0.6979949874686717,557.0,1069
E1070_281,0.35213032581453635,281.0,1070
E1071_322,0.40350877192982454,322.0,1071
E1072_579,0.7255639097744361,579.0,1072
E1073_179,0.22431077694235588,179.0,1073
E1074_580,0.7268170426065163,580.0,1074
E1075_595,0.7456140350877193,595.0,1075
E1076_590,0.7393483709273183,590.0,1076
E1077_130,0.16290726817042606,130.0,1077
E1078_64,0.08020050125313283,64.0,1078
E1079_157,0.19674185463659147,157.0,1079
E1080_781,0.9786967418546366,781.0,1080
E1081_13,0.016290726817042606,13.0,1081
E1082_452,0.5664160401002506,452.0,1082
E1083_557,0.6979949874686717,557.0,1083
E1084_448,0.5614035087719298,448.0,1084
E1085_70,0.08771929824561403,70.0,1085
E1086_384,0.48120300751879697,384.0,1086
E1087_62,0.07769423558897243,62.0,1087
E1088_6,0.007518796992481203,6.0,1088
E1089_227,0.2844611528822055,227.0,1089
E1090_516,0.6466165413533834,516.0,1090
E1091_731,0.9160401002506265,731.0,1091
E1092_153,0.19172932330827067,153.0,1092
E1093_40,0.05012531328320802,40.0,1093
E1094_587,0.7355889724310777,587.0,1094
E1095_700,0.8771929824561403,700.0,1095
E1096_787,0.9862155388471178,787.0,1096
E1097_763,0.956140350877193,763.0,1097
E1098_7,0.008771929824561403,7.0,1098
E1099_187,0.23433583959899748,187.0,1099
E1100_135,0.16917293233082706,135.0,1100
E1101_285,0.35714285714285715,285.0,1101
E1102_455,0.5701754385964912,455.0,1102
E1103_374,0.46867167919799496,374.0,1103
E1104_726,0.9097744360902256,726.0,1104
E1105_660,0.8270676691729323,660.0,1105
E1106_428,0.5363408521303258,428.0,1106
E1107_388,0.48621553884711777,388.0,1107
E1108_399,0.5,399.0,1108
E1109_290,0.3634085213032581,290.0,1109
E1110_714,0.8947368421052632,714.0,1110
E1111_155,0.19423558897243107,155.0,1111
E1112_724,0.9072681704260651,724.0,1112
E1113_72,0.09022556390977443,72.0,1113
E1114_607,0.7606516290726817,607.0,1114
E1115_420,0.5263157894736842,420.0,1115
E1116_134,0.16791979949874686,134.0,1116
E1117_67,0.08395989974937343,67.0,1117
E1118_534,0.6691729323308271,534.0,1118
E1119_151,0.18922305764411027,151.0,1119
E1120_335,0.4197994987468672,335.0,1120
E1121_678,0.849624060150376,678.0,1121
E1122_145,0.18170426065162906,145.0,1122
E1123_653,0.818295739348371,653.0,1123
E1124_653,0.818295739348371,653.0,1124
E1125_362,0.45363408521303256,362.0,1125
E1126_797,0.9987468671679198,797.0,1126
E1127_604,0.7568922305764411,604.0,1127
E1128_122,0.15288220551378445,122.0,1128
E1129_138,0.17293233082706766,138.0,1129
E1130_720,0.9022556390977443,720.0,1130
E1131_276,0.3458646616541353,276.0,1131
E1132_144,0.18045112781954886,144.0,1132
E1133_597,0.7481203007518797,597.0,1133
E1134_575,0.7205513784461153,575.0,1134
E1135_413,0.5175438596491229,413.0,1135
E1136_0,0.0,0.0,1136
E1137_67,0.08395989974937343,67.0,1137
E1138_757,0.9486215538847118,757.0,1138
E1139_385,0.4824561403508772,385.0,1139
E1140_382,0.47869674185463656,382.0,1140
E1141_424,0.531328320802005,424.0,1141
E1142_495,0.6203007518796992,495.0,1142
E1143_44,0.05513784461152882,44.0,1143
E1144_385,0.4824561403508772,385.0,1144
E1145_107,0.13408521303258145,107.0,1145
E1146_97,0.12155388471177944,97.0,1146
E1147_700,0.8771929824561403,700.0,1147
E1148_424,0.531328320802005,424.0,1148
E1149_178,0.22305764411027568,178.0,1149
E1150_552,0.6917293233082706,552.0,1150
E1151_263,0.32957393483709274,263.0,1151
E1152_778,0.974937343358396,778.0,1152
E1153_457,0.5726817042606517,457.0,1153
E1154_11,0.013784461152882205,11.0,1154
E1155_654,0.8195488721804511,654.0,1155
E1156_568,0.7117794486215538,568.0,1156
E1157_642,0.8045112781954887,642.0,1157
E1158_710,0.8897243107769424,710.0,1158
E1159_409,0.5125313283208021,409.0,1159
E1160_543,0.6804511278195489,543.0,1160
E1161_737,0.9235588972431078,737.0,1161
E1162_776,0.9724310776942355,776.0,1162
E1163_309,0.38721804511278196,309.0,1163
E1164_723,0.9060150375939849,723.0,1164
E1165_742,0.9298245614035088,742.0,1165
E1166_770,0.9649122807017544,770.0,1166
E1167_105,0.13157894736842105,105.0,1167
E1168_642,0.8045112781954887,642.0,1168
E1169_498,0.6240601503759399,498.0,1169
E1170_723,0.9060150375939849,723.0,1170
E1171_794,0.9949874686716792,794.0,1171
E1172_523,0.6553884711779449,523.0,1172
E1173_98,0.12280701754385964,98.0,1173
E1174_21,0.02631578947368421,21.0,1174
E1175_747,0.9360902255639098,747.0,1175
E1176_563,0.7055137844611529,563.0,1176
E1177_665,0.8333333333333334,665.0,1177
E1178_485,0.6077694235588973,485.0,1178
E1179_553,0.6929824561403509,553.0,1179
E1180_27,0.03383458646616541,27.0,1180
E1181_544,0.681704260651629,544.0,1181
E1182_600,0.7518796992481203,600.0,1182
E1183_459,0.575187969924812,459.0,1183
E1184_332,0.41604010025062654,332.0,1184
E1185_149,0.18671679197994986,149.0,1185
E1186_550,0.6892230576441103,550.0,1186
E1187_209,0.2619047619047619,209.0,1187
E1188_650,0.8145363408521303,650.0,1188
E1189_184,0.23057644110275688,184.0,1189
E1190_520,0.6516290726817042,520.0,1190
E1191_333,0.41729323308270677,333.0,1191
E1192_650,0.8145363408521303,650.0,1192
E1193_463,0.5802005012531328,463.0,1193
E1194_148,0.18546365914786966,148.0,1194
E1195_769,0.9636591478696742,769.0,1195
E1196_129,0.16165413533834586,129.0,1196
E1197_348,0.43609022556390975,348.0,1197
E1198_366,0.45864661654135336,366.0,1198
E1199_585,0.7330827067669173,585.0,1199
E1200_632,0.7919799498746867,632.0,1200
E1201_417,0.5225563909774437,417.0,1201
E1202_503,0.6303258145363408,503.0,1202
E1203_104,0.13032581453634084,104.0,1203
E1204_732,0.9172932330827067,732.0,1204
E1205_329,0.41228070175438597,329.0,1205
E1206_326,0.40852130325814534,326.0,1206
E1207_268,0.3358395989974937,268.0,1207
E1208_350,0.43859649122807015,350.0,1208
E1209_66,0.08270676691729323,66.0,1209
E1210_280,0.3508771929824561,280.0,1210
E1211_379,0.474937343358396,379.0,1211
E1212_36,0.045112781954887216,36.0,1212
E1213_240,0.3007518796992481,240.0,1213
E1214_114,0.14285714285714285,114.0,1214
E1215_514,0.6441102756892231,514.0,1215
E1216_720,0.9022556390977443,720.0,1216
E1217_29,0.03634085213032581,29.0,1217
E1218_123,0.15413533834586465,123.0,1218
E1219_662,0.8295739348370927,662.0,1219
E1220_714,0.8947368421052632,714.0,1220
E1221_12,0.015037593984962405,12.0,1221
E1222_659,0.8258145363408521,659.0,1222
E1223_561,0.7030075187969925,561.0,1223
E1224_402,0.5037593984962406,402.0,1224
E1225_595,0.7456140350877193,595.0,1225
E1226_662,0.8295739348370927,662.0,1226
E1227_486,0.6090225563909775,486.0,1227
E1228_768,0.9624060150375939,768.0,1228
E1229_693,0.868421052631579,693.0,1229
E1230_589,0.7380952380952381,589.0,1230
E1231_629,0.7882205513784462,629.0,1231
E1232_598,0.7493734335839599,598.0,1232
E1233_344,0.43107769423558895,344.0,1233
E1234_684,0.8571428571428571,684.0,1234
E1235_610,0.7644110275689223,610.0,1235
E1236_357,0.4473684210526316,357.0,1236
E1237_595,0.7456140350877193,595.0,1237
E1238_13,0.016290726817042606,13.0,1238
E1239_625,0.7832080200501254,625.0,1239
E1240_591,0.7406015037593985,591.0,1240
E1241_9,0.011278195488721804,9.0,1241
E1242_477,0.5977443609022557,477.0,1242
E1243_396,0.49624060150375937,396.0,1243
E1244_460,0.5764411027568922,460.0,1244
E1245_169,0.21177944862155387,169.0,1245
E1246_199,0.24937343358395989,199.0,1246
E1247_574,0.7192982456140351,574.0,1247
E1248_656,0.8220551378446115,656.0,1248
E1249_515,0.6453634085213033,515.0,1249
E1250_515,0.6453634085213033,515.0,1250
E1251_391,0.4899749373433584,391.0,1251
E1252_239,0.29949874686716793,239.0,1252
E1253_249,0.31203007518796994,249.0,1253
E1254_709,0.8884711779448622,709.0,1254
E1255_57,0.07142857142857142,57.0,1255
E1256_600,0.7518796992481203,600.0,1256
E1257_24,0.03007518796992481,24.0,1257
E1258_416,0.5213032581453634,416.0,1258
E1259_19,0.023809523809523808,19.0,1259
E1260_307,0.38471177944862156,307.0,1260
E1261_372,0.46616541353383456,372.0,1261
E1262_502,0.6290726817042607,502.0,1262
E1263_187,0.23433583959899748,187.0,1263
E1264_357,0.4473684210526316,357.0,1264
E1265_9,0.011278195488721804,9.0,1265
E1266_790,0.9899749373433584,790.0,1266
E1267_362,0.45363408521303256,362.0,1267
E1268_649,0.8132832080200502,649.0,1268
E1269_417,0.5225563909774437,417.0,1269
E1270_383,0.4799498746867168,383.0,1270
E1271_796,0.9974937343358395,796.0,1271
E1272_160,0.20050125313283207,160.0,1272
E1273_367,0.4598997493734336,367.0,1273
E1274_626,0.7844611528822055,626.0,1274
E1275_634,0.7944862155388471,634.0,1275
E1276_202,0.2531328320802005,202.0,1276
E1277_473,0.5927318295739349,473.0,1277
E1278_706,0.8847117794486216,706.0,1278
E1279_39,0.04887218045112782,39.0,1279
E1280_214,0.2681704260651629,214.0,1280
E1281_139,0.17418546365914786,139.0,1281
E1282_531,0.6654135338345865,531.0,1282
E1283_361,0.4523809523809524,361.0,1283
E1284_56,0.07017543859649122,56.0,1284
E1285_402,0.5037593984962406,402.0,1285
E1286_251,0.31453634085213034,251.0,1286
E1287_664,0.8320802005012531,664.0,1287
E1288_299,0.37468671679197996,299.0,1288
E1289_188,0.23558897243107768,188.0,1289
E1290_8,0.010025062656641603,8.0,1290
E1291_789,0.9887218045112782,789.0,1291
E1292_416,0.5213032581453634,416.0,1292
E1293_380,0.47619047619047616,380.0,1293
E1294_488,0.6115288220551378,488.0,1294
E1295_326,0.40852130325814534,326.0,1295
E1296_761,0.9536340852130326,761.0,1296
E1297_580,0.7268170426065163,580.0,1297
E1298_279,0.34962406015037595,279.0,1298
E1299_426,0.5338345864661654,426.0,1299
E1300_486,0.6090225563909775,486.0,1300
E1301_646,0.8095238095238095,646.0,1301
E1302_15,0.018796992481203006,15.0,1302
E1303_789,0.9887218045112782,789.0,1303
E1304_494,0.6190476190476191,494.0,1304
E1305_205,0.2568922305764411,205.0,1305
E1306_100,0.12531328320802004,100.0,1306
E1307_695,0.8709273182957393,695.0,1307
E1308_288,0.3609022556390977,288.0,1308
E1309_274,0.3433583959899749,274.0,1309
E1310_146,0.18295739348370926,146.0,1310
E1311_63,0.07894736842105263,63.0,1311
E1312_312,0.39097744360902253,312.0,1312
E1313_144,0.18045112781954886,144.0,1313
E1314_189,0.23684210526315788,189.0,1314
E1315_106,0.13283208020050125,106.0,1315
E1316_152,0.19047619047619047,152.0,1316
E1317_307,0.38471177944862156,307.0,1317
E1318_116,0.14536340852130325,116.0,1318
E1319_605,0.7581453634085213,605.0,1319
E1320_418,0.5238095238095238,418.0,1320
E1321_672,0.8421052631578947,672.0,1321
E1322_495,0.6203007518796992,495.0,1322
E1323_522,0.6541353383458647,522.0,1323
E1324_290,0.3634085213032581,290.0,1324
E1325_687,0.8609022556390977,687.0,1325
E1326_381,0.4774436090225564,381.0,1326
E1327_461,0.5776942355889725,461.0,1327
E1328_569,0.7130325814536341,569.0,1328
E1329_429,0.5375939849624061,429.0,1329
E1330_170,0.21303258145363407,170.0,1330
E1331_494,0.6190476190476191,494.0,1331
E1332_430,0.5388471177944862,430.0,1332
E1333_14,0.017543859649122806,14.0,1333
E1334_538,0.6741854636591479,538.0,1334
E1335_43,0.05388471177944862,43.0,1335
E1336_742,0.9298245614035088,742.0,1336
E1337_493,0.6177944862155389,493.0,1337
E1338_9,0.011278195488721804,9.0,1338
E1339_554,0.6942355889724311,554.0,1339
E1340_573,0.7180451127819549,573.0,1340
E1341_597,0.7481203007518797,597.0,1341
E1342_302,0.37844611528822053,302.0,1342
E1343_566,0.7092731829573935,566.0,1343
E1344_692,0.8671679197994987,692.0,1344
E1345_98,0.12280701754385964,98.0,1345
E1346_89,0.11152882205513784,89.0,1346
E1347_2,0.002506265664160401,2.0,1347
E1348_570,0.7142857142857143,570.0,1348
E1349_246,0.3082706766917293,246.0,1349
E1350_707,0.8859649122807017,707.0,1350
E1351_461,0.5776942355889725,461.0,1351
E1352_626,0.7844611528822055,626.0,1352
E1353_209,0.2619047619047619,209.0,1353
E1354_71,0.08897243107769423,71.0,1354
E1355_127,0.15914786967418545,127.0,1355
E1356_598,0.7493734335839599,598.0,1356
E1357_749,0.9385964912280702,749.0,1357
E1358_189,0.23684210526315788,189.0,1358
E1359_44,0.05513784461152882,44.0,1359
E1360_347,0.4348370927318296,347.0,1360
E1361_33,0.041353383458646614,33.0,1361
E1362_52,0.06516290726817042,52.0,1362
E1363_561,0.7030075187969925,561.0,1363
E1364_536,0.6716791979949874,536.0,1364
E1365_613,0.768170426065163,613.0,1365
E1366_344,0.43107769423558895,344.0,1366
E1367_450,0.5639097744360902,450.0,1367
E1368_342,0.42857142857142855,342.0,1368
E1369_715,0.8959899749373433,715.0,1369
E1370_720,0.9022556390977443,720.0,1370
E1371_249,0.31203007518796994,249.0,1371
E1372_216,0.2706766917293233,216.0,1372
E1373_92,0.11528822055137844,92.0,1373
E1374_82,0.10275689223057644,82.0,1374
E1375_617,0.7731829573934837,617.0,1375
E1376_442,0.5538847117794486,442.0,1376
E1377_227,0.2844611528822055,227.0,1377
E1378_119,0.14912280701754385,119.0,1378
E1379_173,0.21679197994987467,173.0,1379
E1380_488,0.6115288220551378,488.0,1380
E1381_691,0.8659147869674185,691.0,1381
E1382_576,0.7218045112781954,576.0,1382
E1383_733,0.918546365914787,733.0,1383
E1384_499,0.62531328320802,499.0,1384
E1385_473,0.5927318295739349,473.0,1385
E1386_169,0.21177944862155387,169.0,1386
E1387_709,0.8884711779448622,709.0,1387
E1388_476,0.5964912280701754,476.0,1388
E1389_354,0.44360902255639095,354.0,1389
E1390_67,0.08395989974937343,67.0,1390
E1391_390,0.48872180451127817,390.0,1391
E1392_427,0.5350877192982456,427.0,1392
E1393_494,0.6190476190476191,494.0,1393
E1394_147,0.18421052631578946,147.0,1394
E1395_688,0.8621553884711779,688.0,1395
E1396_295,0.36967418546365916,295.0,1396
E1397_599,0.7506265664160401,599.0,1397
E1398_314,0.39348370927318294,314.0,1398
E1399_86,0.10776942355889724,86.0,1399
E1400_579,0.7255639097744361,579.0,1400
E1401_222,0.2781954887218045,222.0,1401
E1402_792,0.9924812030075187,792.0,1402
E1403_497,0.6228070175438597,497.0,1403
E1404_8,0.010025062656641603,8.0,1404
E1405_586,0.7343358395989975,586.0,1405
E1406_63,0.07894736842105263,63.0,1406
E1407_499,0.62531328320802,499.0,1407
E1408_639,0.8007518796992481,639.0,1408
E1409_259,0.32456140350877194,259.0,1409
E1410_575,0.7205513784461153,575.0,1410
E1411_400,0.5012531328320802,400.0,1411
E1412_552,0.6917293233082706,552.0,1412
E1413_648,0.8120300751879699,648.0,1413
E1414_552,0.6917293233082706,552.0,1414
E1415_741,0.9285714285714286,741.0,1415
E1416_244,0.3057644110275689,244.0,1416
E1417_83,0.10401002506265664,83.0,1417
E1418_558,0.6992481203007519,558.0,1418
E1419_546,0.6842105263157895,546.0,1419
E1420_438,0.5488721804511278,438.0,1420
E1421_498,0.6240601503759399,498.0,1421
E1422_315,0.39473684210526316,315.0,1422
E1423_270,0.3383458646616541,270.0,1423
E1424_750,0.9398496240601504,750.0,1424
E1425_448,0.5614035087719298,448.0,1425
E1426_113,0.14160401002506265,113.0,1426
E1427_751,0.9411027568922306,751.0,1427
E1428_774,0.9699248120300752,774.0,1428
E1429_713,0.893483709273183,713.0,1429
E1430_151,0.18922305764411027,151.0,1430
E1431_131,0.16416040100250626,131.0,1431
E1432_416,0.5213032581453634,416.0,1432
E1433_408,0.5112781954887218,408.0,1433
E1434_53,0.06641604010025062,53.0,1434
E1435_682,0.8546365914786967,682.0,1435
E1436_220,0.2756892230576441,220.0,1436
E1437_444,0.556390977443609,444.0,1437
E1438_199,0.24937343358395989,199.0,1438
E1439_102,0.12781954887218044,102.0,1439
E1440_334,0.41854636591478694,334.0,1440
E1441_396,0.49624060150375937,396.0,1441
E1442_595,0.7456140350877193,595.0,1442
E1443_306,0.38345864661654133,306.0,1443
E1444_252,0.3157894736842105,252.0,1444
E1445_524,0.656641604010025,524.0,1445
E1446_4,0.005012531328320802,4.0,1446
E1447_700,0.8771929824561403,700.0,1447
E1448_474,0.5939849624060151,474.0,1448
E1449_392,0.49122807017543857,392.0,1449
E1450_290,0.3634085213032581,290.0,1450
E1451_616,0.7719298245614035,616.0,1451
E1452_331,0.41478696741854637,331.0,1452
E1453_363,0.4548872180451128,363.0,1453
E1454_476,0.5964912280701754,476.0,1454
E1455_3,0.0037593984962406013,3.0,1455
E1456_184,0.23057644110275688,184.0,1456
E1457_154,0.19298245614035087,154.0,1457
E1458_557,0.6979949874686717,557.0,1458
E1459_197,0.24686716791979949,197.0,1459
E1460_397,0.4974937343358396,397.0,1460
E1461_681,0.8533834586466166,681.0,1461
E1462_591,0.7406015037593985,591.0,1462
E1463_253,0.31704260651629074,253.0,1463
E1464_245,0.30701754385964913,245.0,1464
E1465_383,0.4799498746867168,383.0,1465
E1466_710,0.8897243107769424,710.0,1466
E1467_582,0.7293233082706767,582.0,1467
E1468_396,0.49624060150375937,396.0,1468
E1469_536,0.6716791979949874,536.0,1469
E1470_105,0.13157894736842105,105.0,1470
E1471_212,0.2656641604010025,212.0,1471
E1472_63,0.07894736842105263,63.0,1472
E1473_362,0.45363408521303256,362.0,1473
E1474_770,0.9649122807017544,770.0,1474
E1475_193,0.24185463659147868,193.0,1475
E1476_226,0.2832080200501253,226.0,1476
E1477_497,0.6228070175438597,497.0,1477
E1478_785,0.9837092731829574,785.0,1478
E1479_115,0.14411027568922305,115.0,1479
E1480_205,0.2568922305764411,205.0,1480
E1481_644,0.8070175438596491,644.0,1481
E1482_106,0.13283208020050125,106.0,1482
E1483_562,0.7042606516290727,562.0,1483
E1484_764,0.9573934837092731,764.0,1484
E1485_557,0.6979949874686717,557.0,1485
E1486_186,0.23308270676691728,186.0,1486
E1487_681,0.8533834586466166,681.0,1487
E1488_309,0.38721804511278196,309.0,1488
E1489_143,0.17919799498746866,143.0,1489
E1490_436,0.5463659147869674,436.0,1490
E1491_306,0.38345864661654133,306.0,1491
E1492_453,0.5676691729323309,453.0,1492
E1493_759,0.9511278195488722,759.0,1493
E1494_390,0.48872180451127817,390.0,1494
E1495_331,0.41478696741854637,331.0,1495
E1496_770,0.9649122807017544,770.0,1496
E1497_433,0.5426065162907269,433.0,1497
E1498_538,0.6741854636591479,538.0,1498
E1499_269,0.33709273182957394,269.0,1499
E1500_772,0.9674185463659147,772.0,1500
E1501_686,0.8596491228070176,686.0,1501
E1502_53,0.06641604010025062,53.0,1502
E1503_496,0.6215538847117794,496.0,1503
E1504_710,0.8897243107769424,710.0,1504
E1505_561,0.7030075187969925,561.0,1505
E1506_186,0.23308270676691728,186.0,1506
E1507_550,0.6892230576441103,550.0,1507
E1508_41,0.05137844611528822,41.0,1508
E1509_170,0.21303258145363407,170.0,1509
E1510_254,0.3182957393483709,254.0,1510
E1511_437,0.5476190476190477,437.0,1511
E1512_688,0.8621553884711779,688.0,1512
E1513_291,0.36466165413533835,291.0,1513
E1514_588,0.7368421052631579,588.0,1514
E1515_783,0.981203007518797,783.0,1515
E1516_26,0.03258145363408521,26.0,1516
E1517_101,0.12656641604010024,101.0,1517
E1518_662,0.8295739348370927,662.0,1518
E1519_346,0.43358395989974935,346.0,1519
E1520_250,0.3132832080200501,250.0,1520
E1521_619,0.7756892230576441,619.0,1521
E1522_779,0.9761904761904762,779.0,1522
E1523_514,0.6441102756892231,514.0,1523
E1524_602,0.7543859649122807,602.0,1524
E1525_514,0.6441102756892231,514.0,1525
E1526_763,0.956140350877193,763.0,1526
E1527_298,0.37343358395989973,298.0,1527
E1528_561,0.7030075187969925,561.0,1528
E1529_169,0.21177944862155387,169.0,1529
E1530_129,0.16165413533834586,129.0,1530
E1531_521,0.6528822055137845,521.0,1531
E1532_25,0.03132832080200501,25.0,1532
E1533_742,0.9298245614035088,742.0,1533
E1534_86,0.10776942355889724,86.0,1534
E1535_403,0.5050125313283208,403.0,1535
E1536_367,0.4598997493734336,367.0,1536
E1537_651,0.8157894736842105,651.0,1537
E1538_157,0.19674185463659147,157.0,1538
E1539_19,0.023809523809523808,19.0,1539
E1540_662,0.8295739348370927,662.0,1540
E1541_70,0.08771929824561403,70.0,1541
E1542_53,0.06641604010025062,53.0,1542
E1543_496,0.6215538847117794,496.0,1543
E1544_631,0.7907268170426065,631.0,1544
E1545_227,0.2844611528822055,227.0,1545
E1546_167,0.20927318295739347,167.0,1546
E1547_111,0.13909774436090225,111.0,1547
E1548_450,0.5639097744360902,450.0,1548
E1549_400,0.5012531328320802,400.0,1549
E1550_491,0.6152882205513784,491.0,1550
E1551_421,0.5275689223057645,421.0,1551
E1552_394,0.49373433583959897,394.0,1552
E1553_730,0.9147869674185464,730.0,1553
E1554_569,0.7130325814536341,569.0,1554
E1555_551,0.6904761904761905,551.0,1555
E1556_82,0.10275689223057644,82.0,1556
E1557_544,0.681704260651629,544.0,1557
E1558_169,0.21177944862155387,169.0,1558
E1559_746,0.9348370927318296,746.0,1559
E1560_545,0.6829573934837093,545.0,1560
E1561_376,0.47117794486215536,376.0,1561
E1562_743,0.931077694235589,743.0,1562
E1563_788,0.9874686716791979,788.0,1563
E1564_719,0.9010025062656641,719.0,1564
E1565_94,0.11779448621553884,94.0,1565
E1566_360,0.45112781954887216,360.0,1566
E1567_42,0.05263157894736842,42.0,1567
E1568_238,0.2982456140350877,238.0,1568
E1569_200,0.2506265664160401,200.0,1569
E1570_230,0.2882205513784461,230.0,1570
E1571_767,0.9611528822055138,767.0,1571
E1572_28,0.03508771929824561,28.0,1572
E1573_64,0.08020050125313283,64.0,1573
E1574_319,0.39974937343358397,319.0,1574
E1575_409,0.5125313283208021,409.0,1575
E1576_757,0.9486215538847118,757.0,1576
E1577_83,0.10401002506265664,83.0,1577
E1578_162,0.20300751879699247,162.0,1578
E1579_37,0.046365914786967416,37.0,1579
E1580_35,0.043859649122807015,35.0,1580
E1581_1,0.0012531328320802004,1.0,1581
E1582_631,0.7907268170426065,631.0,1582
E1583_576,0.7218045112781954,576.0,1583
E1584_22,0.02756892230576441,22.0,1584
E1585_73,0.09147869674185463,73.0,1585
E1586_560,0.7017543859649122,560.0,1586
E1587_732,0.9172932330827067,732.0,1587
E1588_752,0.9423558897243107,752.0,1588
E1589_605,0.7581453634085213,605.0,1589
E1590_7,0.008771929824561403,7.0,1590
E1591_204,0.2556390977443609,204.0,1591
E1592_50,0.06265664160401002,50.0,1592
E1593_5,0.006265664160401002,5.0,1593
E1594_587,0.7355889724310777,587.0,1594
E1595_138,0.17293233082706766,138.0,1595
E1596_566,0.7092731829573935,566.0,1596
E1597_537,0.6729323308270677,537.0,1597
E1598_471,0.5902255639097744,471.0,1598
E1599_736,0.9223057644110275,736.0,1599
E1600_379,0.474937343358396,379.0,1600
E1601_103,0.12907268170426064,103.0,1601
E1602_357,0.4473684210526316,357.0,1602
E1603_289,0.36215538847117795,289.0,1603
E1604_432,0.5413533834586466,432.0,1604
E1605_602,0.7543859649122807,602.0,1605
E1606_389,0.487468671679198,389.0,1606
E1607_719,0.9010025062656641,719.0,1607
E1608_3,0.0037593984962406013,3.0,1608
E1609_73,0.09147869674185463,73.0,1609
E1610_729,0.9135338345864662,729.0,1610
E1611_669,0.8383458646616542,669.0,1611
E1612_472,0.5914786967418546,472.0,1612
E1613_763,0.956140350877193,763.0,1613
E1614_497,0.6228070175438597,497.0,1614
E1615_394,0.49373433583959897,394.0,1615
E1616_159,0.19924812030075187,159.0,1616
E1617_605,0.7581453634085213,605.0,1617
E1618_550,0.6892230576441103,550.0,1618
E1619_11,0.013784461152882205,11.0,1619
E1620_392,0.49122807017543857,392.0,1620
E1621_318,0.39849624060150374,318.0,1621
E1622_442,0.5538847117794486,442.0,1622
E1623_551,0.6904761904761905,551.0,1623
E1624_273,0.34210526315789475,273.0,1624
E1625_292,0.3659147869674185,292.0,1625
E1626_629,0.7882205513784462,629.0,1626
E1627_526,0.6591478696741855,526.0,1627
E1628_765,0.9586466165413534,765.0,1628
E1629_359,0.449874686716792,359.0,1629
E1630_592,0.7418546365914787,592.0,1630
E1631_406,0.5087719298245614,406.0,1631
E1632_112,0.14035087719298245,112.0,1632
E1633_596,0.7468671679197995,596.0,1633
E1634_635,0.7957393483709273,635.0,1634
E1635_462,0.5789473684210527,462.0,1635
E1636_362,0.45363408521303256,362.0,1636
E1637_694,0.8696741854636592,694.0,1637
E1638_275,0.34461152882205515,275.0,1638
E1639_508,0.6365914786967418,508.0,1639
E1640_530,0.6641604010025063,530.0,1640
E1641_500,0.6265664160401002,500.0,1641
E1642_201,0.2518796992481203,201.0,1642
E1643_594,0.7443609022556391,594.0,1643
E1644_797,0.9987468671679198,797.0,1644
E1645_139,0.17418546365914786,139.0,1645
E1646_101,0.12656641604010024,101.0,1646
E1647_116,0.14536340852130325,116.0,1647
E1648_683,0.8558897243107769,683.0,1648
E1649_789,0.9887218045112782,789.0,1649
E1650_368,0.46115288220551376,368.0,1650
E1651_758,0.949874686716792,758.0,1651
E1652_759,0.9511278195488722,759.0,1652
E1653_73,0.09147869674185463,73.0,1653
E1654_685,0.8583959899749374,685.0,1654
E1655_316,0.39598997493734334,316.0,1655
E1656_791,0.9912280701754386,791.0,1656
E1657_670,0.8395989974937343,670.0,1657
E1658_227,0.2844611528822055,227.0,1658
E1659_554,0.6942355889724311,554.0,1659
E1660_504,0.631578947368421,504.0,1660
E1661_201,0.2518796992481203,201.0,1661
E1662_782,0.9799498746867168,782.0,1662
E1663_724,0.9072681704260651,724.0,1663
E1664_749,0.9385964912280702,749.0,1664
E1665_730,0.9147869674185464,730.0,1665
E1666_73,0.09147869674185463,73.0,1666
E1667_736,0.9223057644110275,736.0,1667
E1668_511,0.6403508771929824,511.0,1668
E1669_131,0.16416040100250626,131.0,1669
E1670_408,0.5112781954887218,408.0,1670
E1671_51,0.06390977443609022,51.0,1671
E1672_240,0.3007518796992481,240.0,1672
E1673_262,0.3283208020050125,262.0,1673
E1674_389,0.487468671679198,389.0,1674
E1675_272,0.3408521303258145,272.0,1675
E1676_654,0.8195488721804511,654.0,1676
E1677_75,0.09398496240601503,75.0,1677
E1678_158,0.19799498746867167,158.0,1678
E1679_194,0.24310776942355888,194.0,1679
E1680_558,0.6992481203007519,558.0,1680
E1681_11,0.013784461152882205,11.0,1681
E1682_238,0.2982456140350877,238.0,1682
E1683_325,0.40726817042606517,325.0,1683
E1684_44,0.05513784461152882,44.0,1684
E1685_752,0.9423558897243107,752.0,1685
E1686_103,0.12907268170426064,103.0,1686
E1687_56,0.07017543859649122,56.0,1687
E1688_364,0.45614035087719296,364.0,1688
E1689_610,0.7644110275689223,610.0,1689
E1690_427,0.5350877192982456,427.0,1690
E1691_496,0.6215538847117794,496.0,1691
E1692_30,0.03759398496240601,30.0,1692
E1693_384,0.48120300751879697,384.0,1693
E1694_413,0.5175438596491229,413.0,1694
E1695_779,0.9761904761904762,779.0,1695
E1696_798,1.0,798.0,1696
E1697_67,0.08395989974937343,67.0,1697
E1698_429,0.5375939849624061,429.0,1698
E1699_170,0.21303258145363407,170.0,1699
E1700_332,0.41604010025062654,332.0,1700
E1701_213,0.2669172932330827,213.0,1701
E1702_171,0.21428571428571427,171.0,1702
E1703_338,0.42355889724310775,338.0,1703
E1704_720,0.9022556390977443,720.0,1704
E1705_761,0.9536340852130326,761.0,1705
E1706_292,0.3659147869674185,292.0,1706
E1707_12,0.015037593984962405,12.0,1707
E1708_794,0.9949874686716792,794.0,1708
E1709_326,0.40852130325814534,326.0,1709
E1710_239,0.29949874686716793,239.0,1710
E1711_528,0.6616541353383458,528.0,1711
E1712_771,0.9661654135338346,771.0,1712
E1713_787,0.9862155388471178,787.0,1713
E1714_488,0.6115288220551378,488.0,1714
E1715_394,0.49373433583959897,394.0,1715
E1716_210,0.2631578947368421,210.0,1716
E1717_592,0.7418546365914787,592.0,1717
E1718_766,0.9598997493734336,766.0,1718
E1719_497,0.6228070175438597,497.0,1719
E1720_629,0.7882205513784462,629.0,1720
E1721_739,0.9260651629072681,739.0,1721
E1722_254,0.3182957393483709,254.0,1722
E1723_422,0.5288220551378446,422.0,1723
E1724_611,0.7656641604010025,611.0,1724
E1725_727,0.9110275689223057,727.0,1725
E1726_426,0.5338345864661654,426.0,1726
E1727_796,0.9974937343358395,796.0,1727
E1728_314,0.39348370927318294,314.0,1728
E1729_719,0.9010025062656641,719.0,1729
E1730_67,0.08395989974937343,67.0,1730
E1731_333,0.41729323308270677,333.0,1731
E1732_277,0.34711779448621555,277.0,1732
E1733_208,0.2606516290726817,208.0,1733
E1734_547,0.6854636591478697,547.0,1734
E1735_335,0.4197994987468672,335.0,1735
E1736_235,0.29448621553884713,235.0,1736
E1737_522,0.6541353383458647,522.0,1737
E1738_576,0.7218045112781954,576.0,1738
E1739_287,0.35964912280701755,287.0,1739
E1740_726,0.9097744360902256,726.0,1740
E1741_354,0.44360902255639095,354.0,1741
E1742_15,0.018796992481203006,15.0,1742
E1743_733,0.918546365914787,733.0,1743
E1744_456,0.5714285714285714,456.0,1744
E1745_3,0.0037593984962406013,3.0,1745
E1746_380,0.47619047619047616,380.0,1746
E1747_257,0.32205513784461154,257.0,1747
E1748_13,0.016290726817042606,13.0,1748
E1749_15,0.018796992481203006,15.0,1749
E1750_790,0.9899749373433584,790.0,1750
E1751_382,0.47869674185463656,382.0,1751
E1752_208,0.2606516290726817,208.0,1752
E1753_181,0.22681704260651628,181.0,1753
E1754_262,0.3283208020050125,262.0,1754
E1755_402,0.5037593984962406,402.0,1755
E1756_153,0.19172932330827067,153.0,1756
E1757_125,0.15664160401002505,125.0,1757
E1758_98,0.12280701754385964,98.0,1758
E1759_775,0.9711779448621554,775.0,1759
E1760_619,0.7756892230576441,619.0,1760
E1761_169,0.21177944862155387,169.0,1761
E1762_100,0.12531328320802004,100.0,1762
E1763_576,0.7218045112781954,576.0,1763
E1764_132,0.16541353383458646,132.0,1764
E1765_332,0.41604010025062654,332.0,1765
E1766_330,0.41353383458646614,330.0,1766
E1767_723,0.9060150375939849,723.0,1767
E1768_85,0.10651629072681704,85.0,1768
E1769_776,0.9724310776942355,776.0,1769
E1770_98,0.12280701754385964,98.0,1770
E1771_221,0.2769423558897243,221.0,1771
E1772_572,0.7167919799498746,572.0,1772
E1773_19,0.023809523809523808,19.0,1773
E1774_265,0.33208020050125314,265.0,1774
E1775_757,0.9486215538847118,757.0,1775
E1776_632,0.7919799498746867,632.0,1776
E1777_313,0.39223057644110276,313.0,1777
E1778_788,0.9874686716791979,788.0,1778
E1779_500,0.6265664160401002,500.0,1779
E1780_647,0.8107769423558897,647.0,1780
E1781_381,0.4774436090225564,381.0,1781
E1782_418,0.5238095238095238,418.0,1782
E1783_482,0.6040100250626567,482.0,1783
E1784_355,0.4448621553884712,355.0,1784
E1785_427,0.5350877192982456,427.0,1785
E1786_96,0.12030075187969924,96.0,1786
E1787_452,0.5664160401002506,452.0,1787
E1788_441,0.5526315789473685,441.0,1788
E1789_512,0.6416040100250626,512.0,1789
E1790_440,0.5513784461152882,440.0,1790
E1791_607,0.7606516290726817,607.0,1791
E1792_394,0.49373433583959897,394.0,1792
E1793_551,0.6904761904761905,551.0,1793
E1794_329,0.41228070175438597,329.0,1794
E1795_237,0.29699248120300753,237.0,1795
E1796_360,0.45112781954887216,360.0,1796
E1797_386,0.48370927318295737,386.0,1797
E1798_430,0.5388471177944862,430.0,1798
E1799_712,0.8922305764411027,712.0,1799
E1800_358,0.44862155388471175,358.0,1800
E1801_544,0.681704260651629,544.0,1801
E1802_663,0.8308270676691729,663.0,1802
E1803_203,0.2543859649122807,203.0,1803
E1804_730,0.9147869674185464,730.0,1804
E1805_559,0.7005012531328321,559.0,1805
E1806_459,0.575187969924812,459.0,1806
E1807_670,0.8395989974937343,670.0,1807
E1808_82,0.10275689223057644,82.0,1808
E1809_393,0.4924812030075188,393.0,1809
E1810_213,0.2669172932330827,213.0,1810
E1811_213,0.2669172932330827,213.0,1811
E1812_244,0.3057644110275689,244.0,1812
E1813_591,0.7406015037593985,591.0,1813
E1814_392,0.49122807017543857,392.0,1814
E1815_764,0.9573934837092731,764.0,1815
E1816_665,0.8333333333333334,665.0,1816
E1817_167,0.20927318295739347,167.0,1817
E1818_277,0.34711779448621555,277.0,1818
E1819_614,0.7694235588972431,614.0,1819
E1820_123,0.15413533834586465,123.0,1820
E1821_356,0.44611528822055135,356.0,1821
E1822_243,0.30451127819548873,243.0,1822
E1823_391,0.4899749373433584,391.0,1823
E1824_164,0.20551378446115287,164.0,1824
E1825_792,0.9924812030075187,792.0,1825
E1826_503,0.6303258145363408,503.0,1826
E1827_410,0.5137844611528822,410.0,1827
E1828_61,0.07644110275689223,61.0,1828
E1829_400,0.5012531328320802,400.0,1829
E1830_228,0.2857142857142857,228.0,1830
E1831_731,0.9160401002506265,731.0,1831
E1832_584,0.731829573934837,584.0,1832
E1833_549,0.6879699248120301,549.0,1833
E1834_630,0.7894736842105263,630.0,1834
E1835_135,0.16917293233082706,135.0,1835
E1836_298,0.37343358395989973,298.0,1836
E1837_459,0.575187969924812,459.0,1837
E1838_567,0.7105263157894737,567.0,1838
E1839_432,0.5413533834586466,432.0,1839
E1840_741,0.9285714285714286,741.0,1840
E1841_579,0.7255639097744361,579.0,1841
E1842_118,0.14786967418546365,118.0,1842
E1843_744,0.9323308270676691,744.0,1843
E1844_512,0.6416040100250626,512.0,1844
E1845_593,0.7431077694235589,593.0,1845
E1846_99,0.12406015037593984,99.0,1846
E1847_331,0.41478696741854637,331.0,1847
E1848_397,0.4974937343358396,397.0,1848
E1849_537,0.6729323308270677,537.0,1849
E1850_777,0.9736842105263158,777.0,1850
E1851_237,0.29699248120300753,237.0,1851
E1852_8,0.010025062656641603,8.0,1852
E1853_790,0.9899749373433584,790.0,1853
E1854_406,0.5087719298245614,406.0,1854
E1855_656,0.8220551378446115,656.0,1855
E1856_727,0.9110275689223057,727.0,1856
E1857_26,0.03258145363408521,26.0,1857
E1858_425,0.5325814536340853,425.0,1858
E1859_170,0.21303258145363407,170.0,1859
E1860_62,0.07769423558897243,62.0,1860
E1861_88,0.11027568922305764,88.0,1861
E1862_480,0.6015037593984962,480.0,1862
E1863_588,0.7368421052631579,588.0,1863
E1864_315,0.39473684210526316,315.0,1864
E1865_689,0.8634085213032582,689.0,1865
E1866_179,0.22431077694235588,179.0,1866
E1867_174,0.21804511278195488,174.0,1867
E1868_367,0.4598997493734336,367.0,1868
E1869_396,0.49624060150375937,396.0,1869
E1870_1,0.0012531328320802004,1.0,1870
E1871_570,0.7142857142857143,570.0,1871
E1872_256,0.3208020050125313,256.0,1872
E1873_706,0.8847117794486216,706.0,1873
E1874_69,0.08646616541353383,69.0,1874
E1875_281,0.35213032581453635,281.0,1875
E1876_24,0.03007518796992481,24.0,1876
E1877_734,0.9197994987468672,734.0,1877
E1878_219,0.2744360902255639,219.0,1878
E1879_94,0.11779448621553884,94.0,1879
E1880_20,0.02506265664160401,20.0,1880
E1881_702,0.8796992481203008,702.0,1881
E1882_317,0.39724310776942356,317.0,1882
E1883_778,0.974937343358396,778.0,1883
E1884_736,0.9223057644110275,736.0,1884
E1885_687,0.8609022556390977,687.0,1885
E1886_446,0.5588972431077694,446.0,1886
E1887_463,0.5802005012531328,463.0,1887
E1888_307,0.38471177944862156,307.0,1888
E1889_151,0.18922305764411027,151.0,1889
E1890_107,0.13408521303258145,107.0,1890
E1891_3,0.0037593984962406013,3.0,1891
E1892_302,0.37844611528822053,302.0,1892
E1893_752,0.9423558897243107,752.0,1893
E1894_633,0.793233082706767,633.0,1894
E1895_260,0.3258145363408521,260.0,1895
E1896_674,0.8446115288220551,674.0,1896
E1897_361,0.4523809523809524,361.0,1897
E1898_440,0.5513784461152882,440.0,1898
E1899_80,0.10025062656641603,80.0,1899
E1900_230,0.2882205513784461,230.0,1900
E1901_338,0.42355889724310775,338.0,1901
E1902_144,0.18045112781954886,144.0,1902
E1903_26,0.03258145363408521,26.0,1903
E1904_712,0.8922305764411027,712.0,1904
E1905_594,0.7443609022556391,594.0,1905
E1906_315,0.39473684210526316,315.0,1906
E1907_53,0.06641604010025062,53.0,1907
E1908_722,0.9047619047619048,722.0,1908
E1909_486,0.6090225563909775,486.0,1909
E1910_333,0.41729323308270677,333.0,1910
E1911_140,0.17543859649122806,140.0,1911
E1912_186,0.23308270676691728,186.0,1912
E1913_142,0.17794486215538846,142.0,1913
E1914_458,0.5739348370927319,458.0,1914
E1915_395,0.4949874686716792,395.0,1915
E1916_230,0.2882205513784461,230.0,1916
E1917_506,0.6340852130325815,506.0,1917
E1918_286,0.3583959899749373,286.0,1918
E1919_293,0.36716791979949875,293.0,1919
E1920_169,0.21177944862155387,169.0,1920
E1921_748,0.9373433583959899,748.0,1921
E1922_251,0.31453634085213034,251.0,1922
E1923_679,0.8508771929824561,679.0,1923
E1924_248,0.3107769423558897,248.0,1924
E1925_202,0.2531328320802005,202.0,1925
E1926_163,0.20426065162907267,163.0,1926
E1927_742,0.9298245614035088,742.0,1927
E1928_309,0.38721804511278196,309.0,1928
E1929_355,0.4448621553884712,355.0,1929
E1930_584,0.731829573934837,584.0,1930
E1931_237,0.29699248120300753,237.0,1931
E1932_19,0.023809523809523808,19.0,1932
E1933_173,0.21679197994987467,173.0,1933
E1934_407,0.5100250626566416,407.0,1934
E1935_307,0.38471177944862156,307.0,1935
E1936_585,0.7330827067669173,585.0,1936
E1937_36,0.045112781954887216,36.0,1937
E1938_99,0.12406015037593984,99.0,1938
E1939_660,0.8270676691729323,660.0,1939
E1940_513,0.6428571428571429,513.0,1940
E1941_482,0.6040100250626567,482.0,1941
E1942_37,0.046365914786967416,37.0,1942
E1943_665,0.8333333333333334,665.0,1943
E1944_632,0.7919799498746867,632.0,1944
E1945_176,0.22055137844611528,176.0,1945
E1946_137,0.17167919799498746,137.0,1946
E1947_764,0.9573934837092731,764.0,1947
E1948_190,0.23809523809523808,190.0,1948
E1949_601,0.7531328320802005,601.0,1949
E1950_21,0.02631578947368421,21.0,1950
E1951_435,0.5451127819548872,435.0,1951
E1952_240,0.3007518796992481,240.0,1952
E1953_239,0.29949874686716793,239.0,1953
E1954_147,0.18421052631578946,147.0,1954
E1955_477,0.5977443609022557,477.0,1955
E1956_396,0.49624060150375937,396.0,1956
E1957_105,0.13157894736842105,105.0,1957
E1958_429,0.5375939849624061,429.0,1958
E1959_550,0.6892230576441103,550.0,1959
E1960_635,0.7957393483709273,635.0,1960
E1961_395,0.4949874686716792,395.0,1961
E1962_12,0.015037593984962405,12.0,1962
E1963_306,0.38345864661654133,306.0,1963
E1964_59,0.07393483709273183,59.0,1964
E1965_577,0.7230576441102757,577.0,1965
E1966_371,0.4649122807017544,371.0,1966
E1967_283,0.35463659147869675,283.0,1967
E1968_335,0.4197994987468672,335.0,1968
E1969_227,0.2844611528822055,227.0,1969
E1970_16,0.020050125313283207,16.0,1970
E1971_187,0.23433583959899748,187.0,1971
E1972_654,0.8195488721804511,654.0,1972
E1973_115,0.14411027568922305,115.0,1973
E1974_132,0.16541353383458646,132.0,1974
E1975_283,0.35463659147869675,283.0,1975
E1976_639,0.8007518796992481,639.0,1976
E1977_694,0.8696741854636592,694.0,1977
E1978_376,0.47117794486215536,376.0,1978
E1979_733,0.918546365914787,733.0,1979
E1980_385,0.4824561403508772,385.0,1980
E1981_571,0.7155388471177945,571.0,1981
E1982_244,0.3057644110275689,244.0,1982
E1983_111,0.13909774436090225,111.0,1983
E1984_238,0.2982456140350877,238.0,1984
E1985_554,0.6942355889724311,554.0,1985
E1986_236,0.2957393483709273,236.0,1986
E1987_361,0.4523809523809524,361.0,1987
E1988_489,0.6127819548872181,489.0,1988
E1989_390,0.48872180451127817,390.0,1989
E1990_410,0.5137844611528822,410.0,1990
E1991_229,0.2869674185463659,229.0,1991
E1992_578,0.7243107769423559,578.0,1992
E1993_111,0.13909774436090225,111.0,1993
E1994_426,0.5338345864661654,426.0,1994
E1995_180,0.22556390977443608,180.0,1995
E1996_331,0.41478696741854637,331.0,1996
E1997_116,0.14536340852130325,116.0,1997
E1998_312,0.39097744360902253,312.0,1998
E1999_86,0.10776942355889724,86.0,1999
